room,campus,floor,events
B114,DUCAT,1,1
B202,DUCAT,2,520
B203,DUCAT,2,116
B204,DUCAT,2,428
B205,DUCAT,2,30
B206,DUCAT,2,401
B207,DUCAT,2,7
B208,DUCAT,2,444
B210,DUCAT,2,426
B212,DUCAT,2,385
B214,DUCAT,2,431
B216,DUCAT,2,363
B218,DUCAT,2,341
B302,DUCAT,3,439
B304,DUCAT,3,390
B306,DUCAT,3,282
B307,DUCAT,3,2
B308,DUCAT,3,302
B310,DUCAT,3,279
B420,DUCAT,4,201
B422,DUCAT,4,201
B502,DUCAT,5,120
B504,DUCAT,5,147
B506,DUCAT,5,376
B512,DUCAT,5,273
B604,DUCAT,6,142
B612,DUCAT,6,83
B702,DUCAT,7,377
B704,DUCAT,7,207
B706,DUCAT,7,259
B708,DUCAT,7,244
B710,DUCAT,7,239
B712,DUCAT,7,193
B714,DUCAT,7,113
B802,DUCAT,8,169
B804,DUCAT,8,135
B810,DUCAT,8,142
B812,DUCAT,8,208
B814,DUCAT,8,68
B816,DUCAT,8,89
E201,CT,2,149
E301,CT,3,236
E303,CT,3,156
F201,DUCAT,2,352
F202,DUCAT,2,307
F203,DUCAT,2,258
F304,DUCAT,3,336
N318,CT,3,221
N319,CT,3,169
N320,CT,3,155
N321,CT,3,141
N322,CT,3,106
N323,CT,3,184
N324,CT,3,149
S202.1,CT,2,259
S202.2,CT,2,196
S203,CT,2,97
S304,CT,3,324
S305,CT,3,247
S306.1,CT,3,297
S306.2,CT,3,215
S307,CT,3,200
S308,CT,3,274
S309,CT,3,243
S310,CT,3,162
S311,CT,3,139
S312,CT,3,144
S313,CT,3,269
S314,CT,3,178
S315,CT,3,191
W316,CT,3,282
W317,CT,3,349
Агат,DUCAT,4,247
Байкал,DUCAT,4,195
Вега,DUCAT,4,158
Лекторий,OTHER,,94
Сетунь,DUCAT,4,219
Эльбрус,DUCAT,4,236
